INSERT INTO users (id, email, name, display_name, password) VALUES (1, 'admin@ttrpg-balls.com', 'admin', 'admin', '$2a$10$hiIQcqTYSGKu4eyHfFSOzufDqKLTQlku/OqBcs/5Nv8VQm9jI2S/a'),
                                                                   (2, 'olterver@gmail.com', 'olteR', 'olteR', '$2a$10$EHSaFaO4nljzREqLn4kz8Ol82HirKPBX7VUeQ1P1lUAQIkp.1RECe'),
                                                                   (3, 'ToNopeville@gmail.com', 'rero', 'rero', '$2a$10$kaE5D.T0I7fn6j1mIhWPF.O5Tk/EsE2ayqSRbBcp2WB36nPcf0Yru'),
                                                                   (4, 'kiteline37@gmail.com', 'Geri', 'Geri', '$2a$10$jZsluxkAuRaZvoZyWB/MNO/j2iiQye/KGiH2zNfRckq/yOa6pH5m.'),
                                                                   (5, 'sagi.marton1@gmail.com', 'Marci', 'Marci', '$2a$10$tdw06E/BpPfwMAvNhzVy1O5vmP.n8E3iVphkV8UG3yKkZmsG.8u.S'),
                                                                   (6, 'timeanikolett2002@gmail.com', 'Tiniky', 'Tiniky', '$2a$10$yPtASJuJQfVNVmdkg8547.7B4MYZ4zDi.aaNLCCVScI6YDRj1Wtxq'),
                                                                   (7, 'tasi.zoltan07@gmail.com', 'ogike', 'ogike', '$2a$10$ZDY9MGgRwl9fdXHyUM/y3OZDQ7ZFTI2m/ViJxNd7gHcx7oyU7UKY.');
INSERT INTO rulesets (id, core_dice, name, short_name) VALUES (8, 20, 'Dungeons & Dragons 5E', 'dnd5e'), (9, 20, 'Pathfinder 2E', 'pf2e');
INSERT INTO dnddb_source_books (id, name) VALUES (25, 'Player''s Handbook'), (26, 'Monster Manual'), (27, 'Dungeon Master''s Guide'),
                                                 (28, 'Sword Coast Adventurer''s Guide'), (29, 'Plane Shift: Zendikar'), (30, 'Plane Shift: Innistrad'),
                                                 (31, 'Volo''s Guide to Monsters'), (32, 'Plane Shift: Kaladesh'), (33, 'Plane Shift: Amonkhet'),
                                                 (34, 'Xanathar''s Guide to Everything'), (35, 'Plane Shift: Ixalan'), (36, 'Mordenkainen''s Tome of Foes'),
                                                 (37, 'Plane Shift: Dominaria'), (38, 'Guildmasters'' Guide to Ravnica'), (39, 'Acquisitions Incorporated'),
                                                 (40, 'Eberron: Rising from the Last War'), (41, 'Explorer''s Guide to Wildemount'), (42, 'Mythic Odysseys of Theros'),
                                                 (43, 'Tasha''s Cauldron of Everything'), (44, 'Van Richten''s Guide to Ravenloft'), (45, 'Minsc and Boo''s Journal of Villainy'),
                                                 (46, 'Fizban''s Treasury of Dragons'), (47, 'Strixhaven: A Curriculum of Chaos'), (48, 'Mordenkainen Presents: Monsters of the Multiverse'),
                                                 (49, 'Astral Adventurer''s Guide'), (50, 'Boo''s Astral Menagerie');
INSERT INTO dnddb_armors (id, source_book_id, amount, currency_type, description, name, weight, armor_class, stealth_disadvantage, strength_requirement, type) VALUES (75, 25, 5, 'GOLD', 'Padded armor consists of quilted layers of cloth and batting.', 'Padded Armor', 8, 11, true, null, 'LIGHT_ARMOR'),
                                                                                                                                                                      (76, 25, 10, 'GOLD', 'The breastplate and shoulder protectors of this armor are made of leather that has been stiffened by being boiled in oil. The rest of the armor is made of softer and more flexible materials.', 'Leather Armor', 10, 11, false, null, 'LIGHT_ARMOR'),
                                                                                                                                                                      (77, 25, 45, 'GOLD', 'Made from tough but flexible leather, studded leather is reinforced with close-set rivets or spikes.', 'Studded Leather Armor', 13, 12, false, null, 'LIGHT_ARMOR'),
                                                                                                                                                                      (78, 25, 10, 'GOLD', 'This crude armor consists of thick furs and pelts. It is commonly worn by barbarian tribes, evil humanoids, and other folk who lack access to the tools and materials needed to create better armor.', 'Hide Armor', 12, 12, false, null, 'MEDIUM_ARMOR'),
                                                                                                                                                                      (79, 25, 50, 'GOLD', 'Made of interlocking metal rings, a chain shirt is worn between layers of clothing or leather. This armor offers modest protection to the wearer''s upper body and allows the sound of the rings rubbing against one another to be muffled by outer layers.', 'Chain Shirt', 20, 13, false, null, 'MEDIUM_ARMOR'),
                                                                                                                                                                      (80, 25, 50, 'GOLD', 'This armor consists of a coat and leggings (and perhaps a separate skirt) of leather covered with overlapping pieces of metal, much like the scales of a fish. The suit includes gauntlets.', 'Scale Mail', 45, 14, true, null, 'MEDIUM_ARMOR'),
                                                                                                                                                                      (82, 25, 400, 'GOLD', 'This armor consists of a fitted metal chest piece worn with supple leather. Although it leaves the legs and arms relatively unprotected, this armor provides good protection for the wearer''s vital organs while leaving the wearer relatively unencumbered.', 'Breastplate', 20, 14, false, null, 'MEDIUM_ARMOR'),
                                                                                                                                                                      (83, 25, 750, 'GOLD', 'Half plate consists of shaped metal plates that cover most of the wearer''s body. It does not include leg protection beyond simple greaves that are attached with leather straps.', 'Half Plate Armor', 40, 15, true, null, 'MEDIUM_ARMOR'),
                                                                                                                                                                      (84, 25, 30, 'GOLD', 'This armor is leather armor with heavy rings sewn into it. The rings help reinforce the armor against blows from swords and axes. Ring mail is inferior to chain mail, and it''s usually worn only by those who can''t afford better armor.', 'Ring Mail', 40, 14, true, null, 'HEAVY_ARMOR'),
                                                                                                                                                                      (85, 25, 75, 'GOLD', 'Made of interlocking metal rings, chain mail includes a layer of quilted fabric worn underneath the mail to prevent chafing and to cushion the impact of blows. The suit includes gauntlets.', 'Chain Mail', 55, 16, true, 13, 'HEAVY_ARMOR'),
                                                                                                                                                                      (86, 25, 200, 'GOLD', 'This armor is made of narrow vertical strips of metal riveted to a backing of leather that is worn over cloth padding. Flexible chain mail protects the joints.', 'Splint Armor', 60, 17, true, 15, 'HEAVY_ARMOR'),
                                                                                                                                                                      (87, 25, 1500, 'GOLD', 'Plate consists of shaped, interlocking metal plates to cover the entire body. A suit of plate includes gauntlets, heavy leather boots, a visored helmet, and thick layers of padding underneath the armor. Buckles and straps distribute the weight over the body.', 'Plate Armor', 65, 18, true, 15, 'HEAVY_ARMOR'),
                                                                                                                                                                      (88, 25, 10, 'GOLD', 'A shield is made from wood or metal and is carried in one hand. Wielding a shield increases your Armor Class by 2. You can benefit from only one shield at a time.', 'Shield', 6, 2, false, null, 'SHIELD');
INSERT INTO dnddb_races (id, name, description, age, alignment, size, speed, source_book_id, type, size_type) VALUES (51, 'Dragonborn', ' Born of dragons, as their name proclaims, the dragonborn walk proudly through a world that greets them with fearful incomprehension. Shaped by draconic gods or the dragons themselves, dragonborn originally hatched from dragon eggs as a unique race, combining the best attributes of dragons and humanoids. Some dragonborn are faithful servants to true dragons, others form the ranks of soldiers in great wars, and still others find themselves adrift, with no clear calling in life.',
                                                                                                                      'Young dragonborn grow quickly. They walk hours after hatching, attain the size and development of a 10-year-old human child by the age of 3, and reach adulthood by 15. They live to be around 80.',
                                                                                                                      'Dragonborn tend towards extremes, making a conscious choice for one side or the other between Good and Evil (represented by Bahamut and Tiamat, respectively). More side with Bahamut than Tiamat (whose non-dragon followers are mostly kobolds), but villainous dragonborn can be quite terrible indeed. Some rare few choose to devote themselves to lesser dragon deities, such as Chronepsis (Neutral), and fewer still choose to worship Io, the Ninefold Dragon, who is all alignments at once.',
                                                                                                                      'Dragonborn are taller and heavier than humans, standing well over 6 feet tall and averaging almost 250 pounds.',
                                                                                                                      30, 25, 'COMMON', 'MEDIUM'),
                                                                                                                     (52, 'Dwarf', 'Kingdoms rich in ancient grandeur, halls carved into the roots of mountains, the echoing of picks and hammers in deep mines and blazing forges, a commitment to clan and tradition, and a burning hatred of goblins and orcs—these common threads unite all dwarves.',
                                                                                                                      'Dwarves mature at the same rate as humans, but they''re considered young until they reach the age of 50. On average, they live about 350 years.',
                                                                                                                      'Most dwarves are lawful, believing firmly in the benefits of a well-ordered society. They tend toward good as well, with a strong sense of fair play and a belief that everyone deserves to share in the benefits of a just order.',
                                                                                                                      'Dwarves stand between 4 and 5 feet tall and average about 150 pounds.',
                                                                                                                      30, 25, 'COMMON', 'MEDIUM'),
                                                                                                                     (53, 'Elf', 'Elves are a magical people of otherworldly grace, living in the world but not entirely part of it. They live in places of ethereal beauty, in the midst of ancient forests or in silvery spires glittering with faerie light, where soft music drifts through the air and gentle fragrances waft on the breeze. Elves love nature and magic, art and artistry, music and poetry, and the good things of the world.',
                                                                                                                      'Although elves reach physical maturity at about the same age as humans, the elven understanding of adulthood goes beyond physical growth to encompass worldly experience. An elf typically claims adulthood and an adult name around the age of 100 and can live to be 750 years old.',
                                                                                                                      'Elves love freedom, variety, and self-expression, so they lean strongly towards the gentler aspects of chaos. They value and protect others'' freedom as well as their own, and are good more often than not. Drow are an exception; their exile into the Underdark has made them vicious and dangerous. Drow are more often evil than not.',
                                                                                                                      'Elves range from under 5 to over 6 feet tall and have slender builds.',
                                                                                                                      30, 25, 'COMMON', 'MEDIUM'),
                                                                                                                     (54, 'Gnome', 'A constant hum of busy activity pervades the warrens and neighborhoods where gnomes form their close-knit communities. Louder sounds punctuate the hum: a crunch of grinding gears here, a minor explosion there, a yelp of surprise or triumph, and especially bursts of laughter. Gnomes take delight in life, enjoying every moment of invention, exploration, investigation, creation, and play.',
                                                                                                                      'Gnomes mature at the same rate as humans, and most are expected to settle into adult life around the age of 40. They can live to 350 years on average, but it''s not too uncommon for them to reach 500 years of age.',
                                                                                                                      'Gnomes are generally Good. Those who tend towards Law are sages, engineers, researchers, scholars, investigators, or inventors. Those who tend towards Chaos are often minstrels, tricksters, wanderers, or fanciful jewelers. Gnomes are light-hearted, and even the tricksters amongst them favor harmless pranks over vicious schemes.',
                                                                                                                      'Gnomes are between 3 and 4 feet tall and weigh around 40 pounds.',
                                                                                                                      25, 25, 'COMMON', 'SMALL'),
                                                                                                                     (55, 'Half-Elf', 'Walking in two worlds but truly belonging to neither, half-elves combine what some say are the best qualities of their elf and human parents: human curiosity, inventiveness, and ambition tempered by the refined senses, love of nature, and artistic tastes of the elves. Some half-elves live among humans, set apart by their emotional and physical differences, watching friends and loved ones age while time barely touches them. Others live with the elves, growing restless as they reach adulthood in the timeless elven realms, while their peers continue to live as children. Many half-elves, unable to fit into either society, choose lives of solitary wandering or join with other misfits and outcasts in the adventuring life.',
                                                                                                                      'Half-elves age at much the same rate as humans, reaching adulthood at the age of 20. They live much longer than humans, however, often exceeding 180 years.',
                                                                                                                      'Half-elves share the chaotic bent of their elven heritage. They both value personal freedom and creative expression, demonstrating neither love of leaders nor desire for followers. They chafe at rules, resent others'' demands, and sometimes prove unreliable, or at least unpredictable. They are good and evil in equal numbers, a trait they share with their human parents.',
                                                                                                                      'Half-elves are more or less the same size as humans, ranging from 5 to 6 feet tall.',
                                                                                                                      30, 25, 'COMMON', 'MEDIUM'),
                                                                                                                     (56, 'Half-Orc', 'Whether united under the leadership of a mighty warlock or having fought to a standstill after years of conflict, orc and human communities, sometimes form alliances. When these alliances are sealed by marriages, half-orcs are born. Some half-orcs rise to become proud leaders of orc communities. Some venture into the world to prove their worth. Many of these become adventurers, achieving greatness for their mighty deeds.',
                                                                                                                      'Half-orcs mature a little faster than humans, reaching adulthood around age 14. They age noticeably faster and rarely live longer than 75 years.',
                                                                                                                      'Half-orcs inherit a tendency toward chaos from their orc parents and are not strongly inclined toward good. Half-orcs raised among orcs and willing to live out their lives among them are usually evil.',
                                                                                                                      'Half-orcs are somewhat larger and bulkier than humans, and they range from 5 to well over 6 feet tall.',
                                                                                                                      30, 25, 'COMMON', 'MEDIUM'),
                                                                                                                     (57, 'Halfling', 'The comforts of home are the goals of most halflings’ lives: a place to settle in peace and quiet, far from marauding monsters and clashing armies; a blazing fire and a generous meal; fine drink and fine conversation. Though some halflings live out their days in remote agricultural communities, others form nomadic bands that travel constantly, lured by the open road and the wide horizon to discover the wonders of new lands and peoples. But even these wanderers love peace, food, hearth, and home, though home might be a wagon jostling along a dirt road or a raft floating downriver.',
                                                                                                                      'A halfling reaches adulthood at the age of 20 and generally lives into the middle of his or her second century.',
                                                                                                                      'Most halflings are lawful good. As a rule, they are good-hearted and kind, hate to see others in pain, and have no tolerance for oppression. They are also very orderly and traditional, leaning heavily on the support of their community and the comfort of the old ways.',
                                                                                                                      'Halflings average about 3 feet tall and weigh about 40 pounds.',
                                                                                                                      25, 25, 'COMMON', 'SMALL'),
                                                                                                                     (58, 'Human', 'In the reckonings of most worlds, humans are the youngest of the common races, late to arrive on the world scene and short-lived in comparison to dwarves, elves, and dragons. Perhaps it is because of their shorter lives that they strive to achieve as much as they can in the years they are given. Or maybe they feel they have something to prove to the elder races, and that''s why they build their mighty empires on the foundation of conquest and trade. Whatever drives them, humans are the innovators, the achievers, and the pioneers of the worlds.',
                                                                                                                      'Humans reach adulthood in their late teens and live less than a century.',
                                                                                                                      'Humans tend toward no particular alignment. The best and the worst are found among them.',
                                                                                                                      'Humans vary widely in height and build, from barely 5 feet to well over 6 feet tall.',
                                                                                                                      30, 25, 'COMMON', 'MEDIUM'),
                                                                                                                     (59, 'Tiefling', 'To be greeted with stares and whispers, to suffer violence and insult on the street, to see mistrust and fear in every eye: this is the lot of the tiefling. And to twist the knife, tieflings know that this is because a pact struck generations ago infused the essence of Asmodeus—overlord of the Nine Hells—into their bloodline. Their appearance and their nature are not their fault but the result of an ancient sin, for which they and their children and their children’s children will always be held accountable.',
                                                                                                                      'Tieflings mature at the same rate as humans but live a few years longer.',
                                                                                                                      'Tieflings might not have an innate tendency toward evil, but many of them end up there. Evil or not, an independent nature inclines many tieflings toward a chaotic alignment.',
                                                                                                                      'Tieflings are about the same size and build as humans.',
                                                                                                                      30, 25, 'COMMON', 'MEDIUM');
INSERT INTO dnddb_race_ability_score_increases (source_id, ability_score, amount) VALUES (51, 'STR', 2), (51, 'CHA', 1), (52, 'CON', 2), (53, 'DEX', 2), (54, 'INT', 2), (55, 'CHA', 2), (55, null, 1), (55, null, 1),
                                                                                         (56, 'STR', 2), (56, 'CON', 1), (57, 'DEX', 2), (58, 'STR', 1), (58, 'DEX', 1), (58, 'CON', 1), (58, 'INT', 1), (58, 'WIS', 1),
                                                                                         (58, 'CHA', 1), (59, 'CHA', 2);
INSERT INTO campaigns (id, name, ruleset_id) VALUES (10, 'D&VE', 8), (11, 'not dave', 8), (12, 'C4RL', 8);
INSERT INTO characters (id, name, owner_id, race_id, ruleset_id) VALUES (13, 'Rakash', 5, 56, 8), (14, 'Rico', 7, null, 8), (15, 'SPADE', 3, 58, 8), (16, 'Sisylla', 2, 53, 8),
                                                                        (17, 'Corvus', 3, 58, 8), (18, 'Kian', 7, 58, 8), (19, 'Luna', 4, 55, 8), (20, 'Noxua', 2, 55, 8),
                                                                        (21, 'Elise', 5, 58, 8), (22, 'Fence', 4, null, 8), (23, 'Lex', 3, 58, 8), (24, 'Rowern', 6, 53, 8);
INSERT INTO campaign_users(id, role, campaign_id, user_id) VALUES (60, 'GAME_MASTER', 10, 4), (61, 'PLAYER', 10, 2), (62, 'PLAYER', 10, 3), (63, 'PLAYER', 10, 5), (64, 'PLAYER', 10, 7),
                                                                  (65, 'GAME_MASTER', 11, 5), (66, 'PLAYER', 11, 2), (67, 'PLAYER', 11, 3), (68, 'PLAYER', 11, 4), (69, 'PLAYER', 11, 7),
                                                                  (70, 'GAME_MASTER', 12, 2), (71, 'PLAYER', 12, 3), (72, 'PLAYER', 12, 4), (73, 'PLAYER', 12, 5), (74, 'PLAYER', 12, 6);
INSERT INTO campaign_characters(campaign_users_id, character_id) VALUES (61, 16), (62, 15), (63, 13), (64, 14),
                                                                        (66, 20), (67, 17), (68, 19), (69, 18),
                                                                        (71, 23), (72, 22), (73, 21), (74, 24);
