INSERT INTO users (id, email, name, display_name, password) VALUES (1, 'admin@ttrpg-balls.com', 'admin', 'admin', '$2a$10$hiIQcqTYSGKu4eyHfFSOzufDqKLTQlku/OqBcs/5Nv8VQm9jI2S/a'),
                                                                   (2, 'olter@ttrpg-balls.com', 'olteR', 'olteR', '$2a$10$EHSaFaO4nljzREqLn4kz8Ol82HirKPBX7VUeQ1P1lUAQIkp.1RECe'),
                                                                   (3, 'rero@ttrpg-balls.com', 'rero', 'rero', '$2a$10$kaE5D.T0I7fn6j1mIhWPF.O5Tk/EsE2ayqSRbBcp2WB36nPcf0Yru'),
                                                                   (4, 'geri@ttrpg-balls.com', 'Geri', 'Geri', '$2a$10$jZsluxkAuRaZvoZyWB/MNO/j2iiQye/KGiH2zNfRckq/yOa6pH5m.'),
                                                                   (5, 'marci@ttrpg-balls.com', 'Marci', 'Marci', '$2a$10$tdw06E/BpPfwMAvNhzVy1O5vmP.n8E3iVphkV8UG3yKkZmsG.8u.S'),
                                                                   (6, 'tiniky@ttrpg-balls.com', 'Tiniky', 'Tiniky', '$2a$10$yPtASJuJQfVNVmdkg8547.7B4MYZ4zDi.aaNLCCVScI6YDRj1Wtxq'),
                                                                   (7, 'ogike@ttrpg-balls.com', 'ogike', 'ogike', '$2a$10$ZDY9MGgRwl9fdXHyUM/y3OZDQ7ZFTI2m/ViJxNd7gHcx7oyU7UKY.');
INSERT INTO campaigns (id, name, description) VALUES (11000, 'D&VE', 'geri dying'), (11001, 'not dave', 'currently strixhaven 2 electric boogaloo'), (11002, 'C4RL', 'the raven is a lie');
INSERT INTO characters (id, name, level, owner_id) VALUES (12000, 'Rakash', 5, 10003), (12001, 'Rico', 5, 10005), (12002, 'SPADE', 5, 10001), (12003, 'Sisylla', 5, 10000),
                                                          (12004, 'Corvus', 6, 10001), (12005, 'Kian', 6, 10005), (12006, 'Luna', 6, 10002), (12007, 'Noxua', 6, 10000),
                                                          (12008, 'Elise', 4, 10003), (12009, 'Fence', 4, 10002), (12010, 'Lex', 4, 10001), (12011, 'Rowern', 4, 10004);
INSERT INTO campaign_users (id, role, campaign_id, user_id) VALUES (13000, 'GAME_MASTER', 11000, 10002), (13001, 'PLAYER', 11000, 10000), (13002, 'PLAYER', 11000, 10001), (13003, 'PLAYER', 11000, 10003), (13004, 'PLAYER', 11000, 10005),
                                                                  (13005, 'GAME_MASTER', 11001, 10003), (13006, 'PLAYER', 11001, 10000), (13007, 'PLAYER', 11001, 10001), (13008, 'PLAYER', 11001, 10002), (13009, 'PLAYER', 11001, 10005),
                                                                  (13010, 'GAME_MASTER', 11002, 10000), (13011, 'PLAYER', 11002, 10001), (13012, 'PLAYER', 11002, 10002), (13013, 'PLAYER', 11002, 10003), (13014, 'PLAYER', 11002, 10004);
INSERT INTO campaign_characters (campaign_users_id, character_id) VALUES (13001, 12003), (13002, 12002), (13003, 12000), (13004, 12001),
                                                                        (13006, 12006), (13007, 12004), (13008, 12006), (13009, 12005),
                                                                        (13011, 12009), (13012, 12008), (13013, 12007), (13014, 12010);
INSERT INTO sources (id, name, published, short_name) VALUES (14000, 'Core Rulebook', '2019-08-01', 'CRB'), (14001, 'Bestiary', '2019-08-01', 'B1'),
                                                           (14002, 'Gamemastery Guide', '2020-02-26', 'GMG'), (14003, 'Bestiary 2', '2020-05-27', 'B2'),
                                                           (14004, 'Advanced Player''s Guide', '2020-07-30', 'APG'), (14005, 'Bestiary 3', '2021-04-07', 'B3'),
                                                           (14006, 'Secrets of Magic', '2021-09-01', 'SoM'), (14007, 'Guns & Gears', '2021-10-13', 'G&G'),
                                                           (14008, 'Book of the Dead', '2022-04-27', 'BotD'), (14009, 'Dark Archive', '2021-07-27', 'DA');
INSERT INTO skills (id, source, page, name, key_ability, description) VALUES (15000, 'CRB', 240, 'Acrobatics', 'DEX', '<p>Acrobatics measures your ability to perform tasks requiring coordination and grace. When you use the {@action Escape} basic action, you can use your Acrobatics modifier instead of your unarmed attack modifier.</p>'),
                                                                             (15001, 'CRB', 241, 'Arcana', 'INT', '<p>Arcana measures how much you know about arcane magic and creatures. Even if you''re untrained, you can {@action Recall Knowledge}.</p>'),
                                                                             (15002, 'CRB', 241, 'Athletics', 'STR', '<p>Athletics allows you to perform deeds of physical prowess. When you use the {@action Escape} basic action, you can use your {@skill Athletics} modifier instead of your unarmed attack modifier.</p>'),
                                                                             (15003, 'CRB', 243, 'Crafting', 'INT', '<p>You can use this skill to create, understand, and repair items. Even if you''re untrained, you can {@action Recall Knowledge}.</p>'),
                                                                             (15004, 'CRB', 245, 'Deception', 'CHA', '<p>You can trick and mislead others using disguises, lies, and other forms of subterfuge.</p>'),
                                                                             (15005, 'CRB', 246, 'Diplomacy', 'CHA', '<p>You influence others through negotiation and flattery.</p>'),
                                                                             (15006, 'CRB', 247, 'Intimidation', 'CHA', '<p>You bend others to your will using threats.</p>'),
                                                                             (15007, 'CRB', 248, 'Medicine', 'WIS', '<p>You can patch up wounds and help people recover from diseases and poisons. Even if you''re untrained in Medicine, you can use it to {@action Recall Knowledge}.</p>'),
                                                                             (15008, 'CRB', 249, 'Nature', 'WIS', '<p>You know a great deal about the natural world, and you command and train animals and magical beasts. Even if you''re untrained in Nature, you can use it to {@action Recall Knowledge}.</p>'),
                                                                             (15009, 'CRB', 249, 'Occultism', 'INT', '<p>You know a great deal about ancient philosophies, esoteric lore, obscure mysticism, and supernatural creatures. Even if you''re untrained in Occultism, you can use it to {@action Recall Knowledge}.</p>'),
                                                                             (15010, 'CRB', 448, 'Perception', 'WIS', '<p>Perception measures your ability to be aware of your environment. Every creature has Perception, which works with and is limited by a creature''s senses (described on page 464). Whenever you need to attempt a check based on your awareness, you''ll attempt a Perception check. Your Perception uses your Wisdom modifier, so you''ll use the following formula when attempting a Perception check.</p><p>Nearly all creatures are at least trained in Perception, so you will almost always add a proficiency bonus to your Perception modifier. You might add a circumstance bonus for advantageous situations or environments, and typically get status bonuses from spells or other magical effects. Items can also grant you a bonus to Perception, typically in a certain situation. For instance, a fine spyglass grants a +1 item bonus to Perception when attempting to see something a long distance away. Circumstance penalties to Perception occur when an environment or situation (such as fog) hampers your senses, while status penalties typically come from conditions, spells, and magic effects that foil the senses. You''ll rarely encounter item penalties or untyped penalties for Perception.</p><p>Many abilities are compared to your Perception DC to determine whether they succeed. Your Perception DC is 10 + your total Perception modifier.</p>'),
                                                                             (15011, 'CRB', 250, 'Performance', 'CHA', '<p>You are skilled at a form of performance, using your talents to impress a crowd or make a living.</p>'),
                                                                             (15012, 'CRB', 250, 'Religion', 'WIS', '<p>The secrets of deities, dogma, faith, and the realms of divine creatures both sublime and sinister are open to you. You also understand how magic works, though your training imparts a religious slant to that knowledge. Even if you''re untrained in Religion, you can use it to {@action Recall Knowledge}.</p>'),
                                                                             (15013, 'CRB', 250, 'Society', 'INT', '<p>You understand the people and systems that make civilization run, and you know the historical events that make societies what they are today. Further, you can use that knowledge to navigate the complex physical, societal, and economic workings of settlements. Even if you''re untrained in Society, you can use it for the following general skill actions.</p>'),
                                                                             (15014, 'CRB', 251, 'Stealth', 'DEX', '<p>You are skilled at avoiding detection, allowing you to slip past foes, hide, or conceal an item.</p>'),
                                                                             (15015, 'CRB', 252, 'Survival', 'WIS', '<p>You are adept at living in the wilderness, foraging for food and building shelter, and with training you discover the secrets of tracking and hiding your trail. Even if you''re untrained, you can still use Survival to {@action Subsist}</p>'),
                                                                             (15016, 'CRB', 253, 'Thievery', 'DEX', '<p>You are trained in a particular set of skills favored by thieves and miscreants.</p>');